[
{
    "fields": {
        "name": "\u0414\u0435\u0434 \u041c\u043e\u0440\u043e\u0437",
        "description": "\u041a\u0440\u0430\u0441\u043d\u044b\u0439 \u043d\u043e\u0441"
    },
    "model": "core.entity",
    "pk": 1
},
{
    "fields": {
        "name": "\u0427\u0435\u0431\u0443\u0440\u0430\u0448\u043a\u0430",
        "description": "\u0418\u0437 \u043c\u0443\u043b\u044c\u0442\u0444\u0438\u043b\u044c\u043c\u0430"
    },
    "model": "core.entity",
    "pk": 2
},
{
    "fields": {
        "name": "\u0421\u043b\u043e\u043d",
        "description": "\u0418\u0437 \u0410\u0444\u0440\u0438\u043a\u0438"
    },
    "model": "core.entity",
    "pk": 3
},
{
    "fields": {
        "name": "MacDonald's",
        "description": "Fast Food"
    },
    "model": "core.entity",
    "pk": 4
},
{
    "fields": {
        "name": "\u0410\u0440\u043d\u043e\u043b\u044c\u0434 \u0428\u0432\u0430\u0440\u0446\u043d\u0435\u0433\u0435\u0440",
        "description": "\u041a\u0430\u0447\u043e\u043a"
    },
    "model": "core.entity",
    "pk": 5
},
{
    "fields": {
        "text": "\u0412\u0430\u0448 \u043f\u0435\u0440\u0441\u043e\u043d\u0430\u0436 \u0447\u0435\u043b\u043e\u0432\u0435\u043a?"
    },
    "model": "core.question",
    "pk": 1
},
{
    "fields": {
        "text": "\u0423 \u0412\u0430\u0448\u0435\u0433\u043e \u043f\u0435\u0440\u0441\u043e\u043d\u0430\u0436\u0430 \u0431\u043e\u043b\u044c\u0448\u0438\u0435 \u0443\u0448\u0438?"
    },
    "model": "core.question",
    "pk": 2
},
{
    "fields": {
        "text": "\u0412\u0430\u0448 \u043f\u0435\u0440\u0441\u043e\u043d\u0430\u0436 \u043c\u0443\u0436\u0441\u043a\u043e\u0433\u043e \u043f\u043e\u043b\u0430?"
    },
    "model": "core.question",
    "pk": 3
},
{
    "fields": {
        "text": "\u0412\u0430\u0448 \u043f\u0435\u0440\u0441\u043e\u043d\u0430\u0436 \u0436\u0438\u0432\u043e\u0439?"
    },
    "model": "core.question",
    "pk": 4
},
{
    "fields": {
        "text": "\u0412\u0430\u0448 \u043f\u0435\u0440\u0441\u043e\u043d\u0430\u0436 \u043d\u0430\u0441\u0442\u043e\u044f\u0449\u0438\u0439?"
    },
    "model": "core.question",
    "pk": 5
},
{
    "fields": {
        "text": "\u0412\u0430\u0448 \u043f\u0435\u0440\u0441\u043e\u043d\u0430\u0436 \u0438\u0437 \u0415\u0432\u0440\u043e\u043f\u044b?"
    },
    "model": "core.question",
    "pk": 6
},
{
    "fields": {
        "text": "\u0412\u0430\u0448 \u043f\u0435\u0440\u0441\u043e\u043d\u0430\u0436 \u0436\u0438\u0432\u043e\u0442\u043d\u043e\u0435?"
    },
    "model": "core.question",
    "pk": 7
},
{
    "fields": {
        "text": "\u0412\u0430\u0448 \u043f\u0435\u0440\u0441\u043e\u043d\u0430\u0436 \u0438\u0437 \u043c\u0443\u043b\u044c\u0442\u0444\u0438\u043b\u044c\u043c\u0430?"
    },
    "model": "core.question",
    "pk": 8
},
{
    "fields": {
        "text": "\u0423 \u0412\u0430\u0448\u0435\u0433\u043e \u043f\u0435\u0440\u0441\u043e\u043d\u0430\u0436\u0430 \u043a\u0440\u0430\u0441\u043d\u044b\u0439 \u043d\u043e\u0441?"
    },
    "model": "core.question",
    "pk": 9
},
{
    "fields": {
        "text": "\u0412\u0430\u0448 \u043f\u0435\u0440\u0441\u043e\u043d\u0430\u0436 \u043a\u043b\u043e\u0443\u043d?"
    },
    "model": "core.question",
    "pk": 10
},
{
    "fields": {
        "yes_count": 5,
        "dm_count": 5,
        "question": 1,
        "no_count": 90,
        "entity": 1
    },
    "model": "core.answersdistribution",
    "pk": 1
},
{
    "fields": {
        "yes_count": 5,
        "dm_count": 5,
        "question": 2,
        "no_count": 90,
        "entity": 1
    },
    "model": "core.answersdistribution",
    "pk": 2
},
{
    "fields": {
        "yes_count": 90,
        "dm_count": 5,
        "question": 3,
        "no_count": 5,
        "entity": 1
    },
    "model": "core.answersdistribution",
    "pk": 3
},
{
    "fields": {
        "yes_count": 5,
        "dm_count": 5,
        "question": 4,
        "no_count": 90,
        "entity": 1
    },
    "model": "core.answersdistribution",
    "pk": 4
},
{
    "fields": {
        "yes_count": 5,
        "dm_count": 5,
        "question": 5,
        "no_count": 90,
        "entity": 1
    },
    "model": "core.answersdistribution",
    "pk": 5
},
{
    "fields": {
        "yes_count": 90,
        "dm_count": 5,
        "question": 6,
        "no_count": 5,
        "entity": 1
    },
    "model": "core.answersdistribution",
    "pk": 6
},
{
    "fields": {
        "yes_count": 5,
        "dm_count": 5,
        "question": 7,
        "no_count": 90,
        "entity": 1
    },
    "model": "core.answersdistribution",
    "pk": 7
},
{
    "fields": {
        "yes_count": 45,
        "dm_count": 10,
        "question": 8,
        "no_count": 45,
        "entity": 1
    },
    "model": "core.answersdistribution",
    "pk": 8
},
{
    "fields": {
        "yes_count": 90,
        "dm_count": 5,
        "question": 9,
        "no_count": 5,
        "entity": 1
    },
    "model": "core.answersdistribution",
    "pk": 9
},
{
    "fields": {
        "yes_count": 5,
        "dm_count": 5,
        "question": 10,
        "no_count": 90,
        "entity": 1
    },
    "model": "core.answersdistribution",
    "pk": 10
},
{
    "fields": {
        "yes_count": 5,
        "dm_count": 5,
        "question": 1,
        "no_count": 90,
        "entity": 2
    },
    "model": "core.answersdistribution",
    "pk": 11
},
{
    "fields": {
        "yes_count": 90,
        "dm_count": 5,
        "question": 2,
        "no_count": 5,
        "entity": 2
    },
    "model": "core.answersdistribution",
    "pk": 12
},
{
    "fields": {
        "yes_count": 5,
        "dm_count": 90,
        "question": 3,
        "no_count": 5,
        "entity": 2
    },
    "model": "core.answersdistribution",
    "pk": 13
},
{
    "fields": {
        "yes_count": 5,
        "dm_count": 5,
        "question": 4,
        "no_count": 90,
        "entity": 2
    },
    "model": "core.answersdistribution",
    "pk": 14
},
{
    "fields": {
        "yes_count": 5,
        "dm_count": 5,
        "question": 5,
        "no_count": 90,
        "entity": 2
    },
    "model": "core.answersdistribution",
    "pk": 15
},
{
    "fields": {
        "yes_count": 45,
        "dm_count": 50,
        "question": 6,
        "no_count": 5,
        "entity": 2
    },
    "model": "core.answersdistribution",
    "pk": 16
},
{
    "fields": {
        "yes_count": 10,
        "dm_count": 30,
        "question": 7,
        "no_count": 60,
        "entity": 2
    },
    "model": "core.answersdistribution",
    "pk": 17
},
{
    "fields": {
        "yes_count": 90,
        "dm_count": 5,
        "question": 8,
        "no_count": 5,
        "entity": 2
    },
    "model": "core.answersdistribution",
    "pk": 18
},
{
    "fields": {
        "yes_count": 5,
        "dm_count": 5,
        "question": 9,
        "no_count": 90,
        "entity": 2
    },
    "model": "core.answersdistribution",
    "pk": 19
},
{
    "fields": {
        "yes_count": 5,
        "dm_count": 5,
        "question": 10,
        "no_count": 90,
        "entity": 2
    },
    "model": "core.answersdistribution",
    "pk": 20
},
{
    "fields": {
        "yes_count": 5,
        "dm_count": 5,
        "question": 1,
        "no_count": 90,
        "entity": 3
    },
    "model": "core.answersdistribution",
    "pk": 21
},
{
    "fields": {
        "yes_count": 90,
        "dm_count": 5,
        "question": 1,
        "no_count": 5,
        "entity": 4
    },
    "model": "core.answersdistribution",
    "pk": 22
},
{
    "fields": {
        "yes_count": 90,
        "dm_count": 5,
        "question": 1,
        "no_count": 5,
        "entity": 5
    },
    "model": "core.answersdistribution",
    "pk": 23
},
{
    "fields": {
        "yes_count": 90,
        "dm_count": 5,
        "question": 2,
        "no_count": 5,
        "entity": 3
    },
    "model": "core.answersdistribution",
    "pk": 24
},
{
    "fields": {
        "yes_count": 20,
        "dm_count": 60,
        "question": 3,
        "no_count": 20,
        "entity": 3
    },
    "model": "core.answersdistribution",
    "pk": 25
},
{
    "fields": {
        "yes_count": 90,
        "dm_count": 5,
        "question": 4,
        "no_count": 5,
        "entity": 3
    },
    "model": "core.answersdistribution",
    "pk": 26
},
{
    "fields": {
        "yes_count": 90,
        "dm_count": 5,
        "question": 5,
        "no_count": 5,
        "entity": 3
    },
    "model": "core.answersdistribution",
    "pk": 27
},
{
    "fields": {
        "yes_count": 5,
        "dm_count": 25,
        "question": 6,
        "no_count": 70,
        "entity": 3
    },
    "model": "core.answersdistribution",
    "pk": 28
},
{
    "fields": {
        "yes_count": 90,
        "dm_count": 5,
        "question": 7,
        "no_count": 5,
        "entity": 3
    },
    "model": "core.answersdistribution",
    "pk": 29
},
{
    "fields": {
        "yes_count": 10,
        "dm_count": 40,
        "question": 8,
        "no_count": 50,
        "entity": 3
    },
    "model": "core.answersdistribution",
    "pk": 30
},
{
    "fields": {
        "yes_count": 5,
        "dm_count": 45,
        "question": 9,
        "no_count": 50,
        "entity": 3
    },
    "model": "core.answersdistribution",
    "pk": 31
},
{
    "fields": {
        "yes_count": 5,
        "dm_count": 45,
        "question": 10,
        "no_count": 50,
        "entity": 3
    },
    "model": "core.answersdistribution",
    "pk": 32
},
{
    "fields": {
        "yes_count": 5,
        "dm_count": 45,
        "question": 2,
        "no_count": 50,
        "entity": 4
    },
    "model": "core.answersdistribution",
    "pk": 33
},
{
    "fields": {
        "yes_count": 90,
        "dm_count": 5,
        "question": 3,
        "no_count": 5,
        "entity": 4
    },
    "model": "core.answersdistribution",
    "pk": 34
},
{
    "fields": {
        "yes_count": 90,
        "dm_count": 5,
        "question": 4,
        "no_count": 5,
        "entity": 4
    },
    "model": "core.answersdistribution",
    "pk": 35
},
{
    "fields": {
        "yes_count": 90,
        "dm_count": 5,
        "question": 5,
        "no_count": 5,
        "entity": 4
    },
    "model": "core.answersdistribution",
    "pk": 36
},
{
    "fields": {
        "yes_count": 10,
        "dm_count": 5,
        "question": 6,
        "no_count": 85,
        "entity": 4
    },
    "model": "core.answersdistribution",
    "pk": 37
},
{
    "fields": {
        "yes_count": 5,
        "dm_count": 5,
        "question": 7,
        "no_count": 90,
        "entity": 4
    },
    "model": "core.answersdistribution",
    "pk": 38
},
{
    "fields": {
        "yes_count": 5,
        "dm_count": 5,
        "question": 8,
        "no_count": 90,
        "entity": 4
    },
    "model": "core.answersdistribution",
    "pk": 39
},
{
    "fields": {
        "yes_count": 90,
        "dm_count": 5,
        "question": 9,
        "no_count": 5,
        "entity": 4
    },
    "model": "core.answersdistribution",
    "pk": 40
},
{
    "fields": {
        "yes_count": 90,
        "dm_count": 5,
        "question": 10,
        "no_count": 5,
        "entity": 4
    },
    "model": "core.answersdistribution",
    "pk": 41
},
{
    "fields": {
        "yes_count": 5,
        "dm_count": 5,
        "question": 2,
        "no_count": 90,
        "entity": 5
    },
    "model": "core.answersdistribution",
    "pk": 42
},
{
    "fields": {
        "yes_count": 90,
        "dm_count": 5,
        "question": 3,
        "no_count": 5,
        "entity": 5
    },
    "model": "core.answersdistribution",
    "pk": 43
},
{
    "fields": {
        "yes_count": 90,
        "dm_count": 5,
        "question": 4,
        "no_count": 5,
        "entity": 5
    },
    "model": "core.answersdistribution",
    "pk": 44
},
{
    "fields": {
        "yes_count": 90,
        "dm_count": 5,
        "question": 5,
        "no_count": 5,
        "entity": 5
    },
    "model": "core.answersdistribution",
    "pk": 45
},
{
    "fields": {
        "yes_count": 5,
        "dm_count": 5,
        "question": 6,
        "no_count": 90,
        "entity": 5
    },
    "model": "core.answersdistribution",
    "pk": 46
},
{
    "fields": {
        "yes_count": 5,
        "dm_count": 5,
        "question": 7,
        "no_count": 90,
        "entity": 5
    },
    "model": "core.answersdistribution",
    "pk": 47
},
{
    "fields": {
        "yes_count": 5,
        "dm_count": 5,
        "question": 8,
        "no_count": 90,
        "entity": 5
    },
    "model": "core.answersdistribution",
    "pk": 48
},
{
    "fields": {
        "yes_count": 5,
        "dm_count": 5,
        "question": 9,
        "no_count": 90,
        "entity": 5
    },
    "model": "core.answersdistribution",
    "pk": 49
},
{
    "fields": {
        "yes_count": 5,
        "dm_count": 5,
        "question": 10,
        "no_count": 90,
        "entity": 5
    },
    "model": "core.answersdistribution",
    "pk": 50
}
]
